{"vehicles":[{"id":"a98f426e-9d3b-4ee6-a1a2-fad202d72e4d","year":"2020","make":"Audi","model":"Q5","series":"Premium Plus","style":"4D SUV 2.0T PHEV","annualMileage":7830,"mileage":{"jan":417,"feb":871,"mar":949,"apr":231,"may":507,"jun":632,"jul":830,"aug":534,"sep":973,"oct":891,"nov":220,"dec":775},"annualFuelCost":1022.5546518825151,"fuelSaving":39.52829367574918,"emissionReduction":170.25648202335833},{"id":"3b1e0068-0cbe-475b-94e0-cfe8c1471db3","year":"2020","make":"Tesla","model":"Model Y","series":"Performance","style":"4D SUV","annualMileage":5708,"mileage":{"jan":975,"feb":207,"mar":475,"apr":700,"may":550,"jun":586,"jul":128,"aug":223,"sep":203,"oct":897,"nov":481,"dec":283},"annualFuelCost":242.89361702127664,"fuelSaving":650.5324699352451,"emissionReduction":3300.26798995639},{"id":"b9c8bc66-b48a-47bb-a236-5a7fd2d587fd","year":"2021","make":"Volvo","model":"XC60","series":"T8 - Polestar","style":"4D SUV PHEV","annualMileage":7238,"mileage":{"jan":851,"feb":460,"mar":849,"apr":596,"may":166,"jun":909,"jul":981,"aug":766,"sep":15,"oct":496,"nov":263,"dec":886},"annualFuelCost":947.5436200803468,"fuelSaving":30.256172777761094,"emissionReduction":117.30434611614328},{"id":"abbde2ab-ffaa-458a-ae83-2675bd4eb445","year":"2014","make":"Toyota","model":"RAV4","series":"EV","style":"4D SUV FWD","annualMileage":5858,"mileage":{"jan":938,"feb":287,"mar":940,"apr":230,"may":242,"jun":540,"jul":497,"aug":724,"sep":51,"oct":428,"nov":973,"dec":8},"annualFuelCost":362.8849557522125,"fuelSaving":554.0193920738744,"emissionReduction":2656.655967679876}]}